ticker,theme,sector,pe_ratio,revenue_growth,profit_margin,debt_to_equity,revenue,eps,free_cash_flow,fcf,fcf_margin,operating_margin,gross_margin,ebitda,cash,debt,net_debt,shares_outstanding,trailing_pe,forward_pe,price_to_book,market_cap,enterprise_value,source,as_of_date,sec_cik,sec_form,sec_filed_date,sec_accession,sec_fact_warnings,sec_entity_name,period,net_income,updated_at
NVDA,AI Infrastructure,Technology,34.0,0.654735357900948,0.5560253406070261,0.4,215938000000.0,4.9,96676000000.0,,0.4477025812964832,0.6038168363141272,,,13237000000.0,8470000000.0,,24200000000.0,,,,,,sec_companyfacts,2026-01-25,1045810,10-K,2026-02-25,0001045810-26-000021,EBITDA was not staged because no direct SEC EBITDA fact was available.,NVIDIA CORP,,,
MSFT,Enterprise Software,Technology,31.0,3.071978270710729,1.1320956086714842,0.5,89950000000.0,13.64,71611000000.0,,0.7961200667037243,1.4288827126181212,,,32105000000.0,40262000000.0,,7428434704.0,,,,,,sec_companyfacts,2017-06-30,789019,10-K,2017-08-02,0001564590-17-014900,EBITDA was not staged because no direct SEC EBITDA fact was available.,MICROSOFT CORPORATION,,,
TSLA,EV,Consumer Discretionary,48.0,-0.0293069915037363,0.040009701878157,0.2,94827000000.0,1.08,6220000000.0,,0.0655931327575479,0.0459257384500195,,,16603000000.0,648441000.0,,3755723871.0,,,,,,sec_companyfacts,2025-12-31,1318605,10-K,2026-01-29,0001628280-26-003952,EBITDA was not staged because no direct SEC EBITDA fact was available.,"Tesla, Inc.",,,
SPY,Broad Market,ETF,,,,,,,,,,,,,,,,,,,,,,,,,,,,,,,,
QQQ,Nasdaq Growth,ETF,,,,,,,,,,,,,,,,,,,,,,,,,,,,,,,,
XLF,Financials,ETF,,,,,,,,,,,,,,,,,,,,,,,,,,,,,,,,
AMD,,,,2.2434570906877664,0.8134734471758304,,5329000000.0,2.65,6735000000.0,,1.2638393694877088,0.6931882154250328,,,5585000000.0,4098000000.0,,1630600639.0,,,,,,sec_companyfacts,2017-12-30,2488,10-K,2018-02-27,0000002488-18-000042,EBITDA was not staged because no direct SEC EBITDA fact was available.,ADVANCED MICRO DEVICES INC,,,
AVGO,,,,3.117716768714201,0.2827609363008442,,20848000000.0,4.77,26914000000.0,,1.2909631619339983,1.2223714504988488,,,14174000000.0,66057000000.0,,4734668184.0,,,,,,sec_companyfacts,2018-11-04,1730168,10-K,2018-12-21,0001730168-18-000084,EBITDA was not staged because no direct SEC EBITDA fact was available.,Broadcom Inc.,,,
COHR,,,,2.931500342667924,0.0425994611639342,,1158794000.0,-0.52,192764000.0,,0.1663488074670735,0.0829491695676712,,,1592730000.0,3193781000.0,,195639321.0,,,,,,sec_companyfacts,2018-06-30,820318,10-K,2018-08-28,0001564590-18-022409,EBITDA was not staged because no direct SEC EBITDA fact was available.,COHERENT CORP.,,,
CRDO,,,,1.263434730787169,0.1194734130845401,,436775000.0,0.29,29022000.0,,0.0664461106977276,0.0849957071718848,,,1220464000.0,,,184449940.0,,,,,,sec_companyfacts,2025-05-03,1807794,10-K,2025-07-02,0001628280-25-033813,Debt was unavailable from SEC Companyfacts. | EBITDA was not staged because no direct SEC EBITDA fact was available.,Credo Technology Group Holding Ltd,,,
HOOD,,,,0.515757370382921,0.4209702660406886,,4473000000.0,2.05,1610000000.0,,0.3599374021909233,,,,5012000000.0,,,791184698.0,,,,,,sec_companyfacts; sec_filing_document,2026-04-06,1783879,10-Q,2026-04-29,0001783879-26-000062,Debt was unavailable from SEC Companyfacts. | EBITDA was not staged because no direct SEC EBITDA fact was available. | Shares outstanding was unavailable from SEC Companyfacts. | Shares outstanding staged from explicit SEC filing document fact dei:EntityCommonStockSharesOutstanding.,"Robinhood Markets, Inc.",,,2026-06-26T01:38:24+00:00
LITE,,,,-0.0653730653730653,0.0640138408304498,,404600000.0,0.37,-104700000.0,,-0.2587740978744439,-0.4451309935739001,,,2617800000.0,6520400000.0,,77800000.0,,,,,,sec_companyfacts,2019-06-29,1633978,10-K,2019-08-27,0001633978-19-000069,EBITDA was not staged because no direct SEC EBITDA fact was available.,Lumentum Holdings Inc.,,,
META,,,,0.2216703849824621,0.3008369574952977,,200966000000.0,23.49,46109000000.0,,0.2294368201586338,0.4143785515957923,,,23426000000.0,58748000000.0,,2196045588.0,,,,,,sec_companyfacts; sec_filing_document,2026-03-09,1326801,10-Q,2026-04-30,0001628280-26-028526,EBITDA was not staged because no direct SEC EBITDA fact was available. | Shares outstanding was unavailable from SEC Companyfacts. | Shares outstanding staged from explicit SEC filing document fact dei:EntityCommonStockSharesOutstanding.,"Meta Platforms, Inc.",,,2026-06-26T01:41:27+00:00
MU,,,,2.897781197896627,0.2809713401994011,,30391000000.0,7.59,1668000000.0,,0.0548846698035602,0.3214767529860814,,,13908000000.0,3624000000.0,,1127734051.0,,,,,,sec_companyfacts,2018-08-30,723125,10-K,2018-10-15,0000723125-18-000092,EBITDA was not staged because no direct SEC EBITDA fact was available.,MICRON TECHNOLOGY INC,,,
AAPL,,,,3.9862949403923778,0.42173233682863,,265595000000.0,7.46,98767000000.0,,0.3718707053973155,0.5009506956079746,,,45572000000.0,82714000000.0,,14687356000.0,,,,,,sec_companyfacts,2018-09-29,320193,10-K,2018-11-05,0000320193-18-000145,EBITDA was not staged because no direct SEC EBITDA fact was available.,Apple Inc.,,,
GOOGL,,,,0.1509008108154437,0.3280987796522654,,402836000000.0,10.81,73266000000.0,,0.1818755026859565,0.3203263859238002,,,38063000000.0,79499000000.0,,5824000000.0,,,,,,sec_companyfacts; sec_filing_document,2026-03-16,1652044,10-Q,2026-04-30,0001652044-26-000048,EBITDA was not staged because no direct SEC EBITDA fact was available. | Shares outstanding was unavailable from SEC Companyfacts. | Shares outstanding staged from explicit SEC filing document fact dei:EntityCommonStockSharesOutstanding.,Alphabet Inc.,,,2026-06-26T01:36:19+00:00
A,,,,0.0642551166111375,0.2913685152057245,,4472000000.0,4.57,1152000000.0,,0.257602862254025,0.3307245080500894,,,1758000000.0,3034000000.0,,282602317.0,,,,,,sec_companyfacts,2017-10-31,1090872,10-K,2017-12-21,0001090872-17-000018,EBITDA was not staged because no direct SEC EBITDA fact was available.,"AGILENT TECHNOLOGIES, INC.",,,
ABBV,,,,0.0856676252352043,0.0690974493132766,,61160000000.0,2.36,17816000000.0,,0.2913015042511445,0.2464846304774362,,,9391000000.0,0.0,,1766792821.0,,,,,,sec_companyfacts,2025-12-31,1551152,10-K,2026-02-20,0001551152-26-000008,EBITDA was not staged because no direct SEC EBITDA fact was available.,AbbVie Inc.,,,
ABT,,,,3.010836139991214,0.2381891201168309,,27390000000.0,3.72,7395000000.0,,0.2699890470974808,0.2940124132895217,,,6803000000.0,34047000000.0,,1741812429.0,,,,,,sec_companyfacts,2017-12-31,1800,10-K,2018-02-16,0001047469-18-000856,EBITDA was not staged because no direct SEC EBITDA fact was available.,ABBOTT LABORATORIES,,,
ACN,,,,2.93013786032175,0.1102067592145517,,69672977000.0,12.15,10874360000.0,,0.1560771545616602,0.1467665720671014,,,9399183000.0,5030322000.0,,637016143.0,,,,,,sec_companyfacts,2025-08-31,1467373,10-K,2025-10-10,0001467373-25-000217,EBITDA was not staged because no direct SEC EBITDA fact was available.,Accenture plc,,,
AAL,,,,2.8800330943188084,0.0026298955149619,,42207000000.0,0.17,-680000000.0,,-0.0161110716231904,0.0347572677517947,,,1002000000.0,12946000000.0,,661385137.0,,,,,,sec_companyfacts,2017-12-31,6201,10-K,2018-02-21,0000006201-18-000009,EBITDA was not staged because no direct SEC EBITDA fact was available.,AMERICAN AIRLINES GROUP INC.,,,
AAME,,,,0.0076769472089425,-0.0226747491061324,,188227000.0,-0.23,4575000.0,,0.0243057584724826,-0.0263405356298511,,,34444000.0,,,20397228.0,,,,,,sec_companyfacts,2024-12-31,8177,10-K,2025-03-25,0001140361-25-010239,Debt was unavailable from SEC Companyfacts. | EBITDA was not staged because no direct SEC EBITDA fact was available.,ATLANTIC AMERICAN CORP,,,
AAOI,,,,3.3016798118790716,-0.0999871838128941,,382329000.0,-0.64,-353576000.0,,-0.9247951371724352,-0.14281417313361,,,439705000.0,41225000.0,,80242767.0,,,,,,sec_companyfacts,2017-12-31,1158114,10-K,2018-02-28,0001558370-18-001271,EBITDA was not staged because no direct SEC EBITDA fact was available.,"APPLIED OPTOELECTRONICS, INC.",,,
AAON,,,,2.5650490903332512,0.2655096339874442,,405232000.0,1.29,-53490000.0,,-0.1319984601413511,0.360899435385162,,,13000.0,,,81911710.0,,,,,,sec_companyfacts,2017-12-31,824142,10-K,2018-02-27,0000824142-18-000021,Debt was unavailable from SEC Companyfacts. | EBITDA was not staged because no direct SEC EBITDA fact was available.,"AAON, INC.",,,
ABAT,,,,11.489735080058225,-10.899809660288136,,4290224.0,-0.58,-35661851.0,,-8.312351755992228,-9.795136337869538,,,37700000.0,9413088.0,,136414409.0,,,,,,sec_companyfacts,2025-06-30,1576873,10-K,2025-09-18,0001493152-25-014092,EBITDA was not staged because no direct SEC EBITDA fact was available.,AMERICAN BATTERY TECHNOLOGY COMPANY,,,
ABCL,,,,,,,,-0.49,-174067000.0,,,,,,77063000.0,190000.0,,305375393.0,,,,,,sec_companyfacts,2025-12-31,1703057,DEF 14A,2026-04-29,0001703057-26-000020,EBITDA was not staged because no direct SEC EBITDA fact was available. | Revenue was unavailable from annual SEC Companyfacts.,AbCellera Biologics Inc.,,,
ABEO,,,,2.5818399044205496,-23.74349566377585,,2998000.0,1.01,-84301000.0,,-28.119079386257503,-29.83589059372915,,,61374000.0,18087000.0,,56995144.0,,,,,,sec_companyfacts,2018-12-31,318306,10-K,2019-03-18,0001144204-19-014623,EBITDA was not staged because no direct SEC EBITDA fact was available.,ABEONA THERAPEUTICS INC.,,,
ABLV,,,,-0.1700737965386148,0.0077945985112301,,105203366.0,0.02,1168655.0,,0.0111085324019005,-0.0046254508624752,,,9010336.0,11439866.0,,24871433.0,,,,,,sec_companyfacts; sec_filing_document,2025-12-31,1957489,20-F,2026-04-27,0001213900-26-048085,EBITDA was not staged because no direct SEC EBITDA fact was available. | Shares outstanding was unavailable from SEC Companyfacts. | Shares outstanding staged from explicit SEC filing document fact dei:EntityCommonStockSharesOutstanding.,Able View Global Inc.,,,2026-06-26T01:33:03+00:00
ABNB,,,,0.1025941271842911,0.2051529286822972,,12241000000.0,,4621000000.0,,0.3775018380851238,0.2078261579936279,,,7037000000.0,2475000000.0,,417930233.0,,,,,,sec_companyfacts; sec_filing_document,2025-12-31,1559720,10-Q,2026-05-07,0001559720-26-000014,EBITDA was not staged because no direct SEC EBITDA fact was available. | EPS was unavailable from annual SEC Companyfacts. | Shares outstanding was unavailable from SEC Companyfacts. | Shares outstanding staged from explicit SEC filing document fact dei:EntityCommonStockSharesOutstanding.,"Airbnb, Inc.",,,2026-06-26T02:04:02+00:00
ABOS,,,,,,,,-2.0,-115626000.0,,,,,,51796000.0,14123000.0,,72227580.0,,,,,,sec_companyfacts,2025-12-31,1576885,10-K,2026-03-26,0001628280-26-021413,EBITDA was not staged because no direct SEC EBITDA fact was available. | Revenue was unavailable from annual SEC Companyfacts.,"Acumen Pharmaceuticals, Inc.",,,
ABSI,,,,-0.2070654074851346,-25.404278782531986,,4534000.0,-0.84,-94032000.0,,-20.73930304367005,-26.536612262902516,,,8627000.0,3990000.0,,155905056.0,,,,,,sec_companyfacts,2024-12-31,1672688,10-K,2025-03-18,0001628280-25-013464,EBITDA was not staged because no direct SEC EBITDA fact was available.,ABSCI CORP,,,
ABTC,,,,1.5883668591078743,-0.8273746516601499,,185164000.0,-0.17,-86213000.0,,-0.4656034650364001,-1.2312760579810331,,,10054000.0,27536457.0,,82802406.0,,,,,,sec_companyfacts,2025-12-31,1755953,10-K,2026-03-27,0001193125-26-127278,EBITDA was not staged because no direct SEC EBITDA fact was available.,American Bitcoin Corp.,,,
ABTS,,,,,,,,-1.21,-1686990.0,,,,,,83837.0,1500000.0,,2369995.0,,,,,,sec_companyfacts,2025-12-31,1864055,20-F,2026-04-29,0001493152-26-019612,EBITDA was not staged because no direct SEC EBITDA fact was available. | Revenue was unavailable from annual SEC Companyfacts.,ABITS GROUP INC,,,
ABUS,,,,1.2821260735699238,-2.3788255343321736,,14083000.0,-0.17,-39637000.0,,-2.8145281545125327,-2.709649932542782,,,23706000.0,0.0,,197537710.0,,,,,,sec_companyfacts,2025-12-31,1447028,10-K,2026-03-23,0001447028-26-000017,EBITDA was not staged because no direct SEC EBITDA fact was available.,ARBUTUS BIOPHARMA CORP,,,
ABVC,,,,2.343101751623696,-15.519475498882432,,509589.0,-0.39,-3007500.0,,-5.901814992081854,-14.03338572849885,,,140324.0,88737.0,,26000442.0,,,,,,sec_companyfacts,2024-12-31,1173313,10-K,2026-03-03,0001213900-26-023063,EBITDA was not staged because no direct SEC EBITDA fact was available.,"ABVC BioPharma, Inc.",,,
ACAD,,,,2.4314616507399656,0.5382435090723627,,726437000.0,2.3,105146000.0,,0.1447420767389326,0.1442809218142798,,,282212000.0,22000.0,,171235870.0,,,,,,sec_companyfacts,2023-12-31,1070494,10-K,2024-02-28,0000950170-24-021473,EBITDA was not staged because no direct SEC EBITDA fact was available.,ACADIA PHARMACEUTICALS INC.,,,
ACB,,,,,,,,,,,,,,,,,,56234231.0,,,,,,sec_companyfacts,2025-03-31,1683541,40-F,2025-06-18,0001683541-25-000008,Cash was unavailable from SEC Companyfacts. | Debt was unavailable from SEC Companyfacts. | EBITDA was not staged because no direct SEC EBITDA fact was available. | EPS was unavailable from annual SEC Companyfacts. | Revenue was unavailable from annual SEC Companyfacts.,AURORA CANNABIS INC,,,
ACDC,,,,,,,,-2.22,19600000.0,,,,,,33500000.0,1059600000.0,,180920753.0,,,,,,sec_companyfacts,2025-12-31,1881487,DEF 14A,2026-04-27,0001104659-26-049044,EBITDA was not staged because no direct SEC EBITDA fact was available. | Revenue was unavailable from annual SEC Companyfacts.,ProFrac Holding Corp.,,,
AACB,,,,,,,,,,,,,,,20298.0,,,22175000.0,,,,,,sec_companyfacts; sec_filing_document,2026-03-31,2034334,10-Q,2026-05-06,0001140361-26-019319,Debt was unavailable from SEC Companyfacts. | EBITDA was not staged because no direct SEC EBITDA fact was available. | EPS was unavailable from annual SEC Companyfacts. | Free cash flow could not be calculated because operating cash flow or capex was incomplete. | Revenue was unavailable from annual SEC Companyfacts. | Shares outstanding was unavailable from SEC Companyfacts. | Shares outstanding staged from explicit SEC filing document fact dei:EntityCommonStockSharesOutstanding.,Artius II Acquisition Inc.,,,2026-06-26T03:45:05+00:00
AACI,,,,,,,,,,,,,,,903352.0,,,25522000.0,,,,,,sec_companyfacts; sec_filing_document,2026-02-17,2092897,10-Q,2026-05-08,0001193125-26-214833,Debt was unavailable from SEC Companyfacts. | EBITDA was not staged because no direct SEC EBITDA fact was available. | EPS was unavailable from annual SEC Companyfacts. | Free cash flow could not be calculated because operating cash flow or capex was incomplete. | Revenue was unavailable from annual SEC Companyfacts. | Shares outstanding was unavailable from SEC Companyfacts. | Shares outstanding staged from explicit SEC filing document fact dei:EntityCommonStockSharesOutstanding.,Armada Acquisition Corp. III,,,2026-06-26T03:47:35+00:00
AACO,,,,,,,,,,,,,,,1324398.0,,,23695000.0,,,,,,sec_companyfacts; sec_filing_document,2025-12-31,2099906,10-Q,2026-05-11,0001213900-26-054517,Debt was unavailable from SEC Companyfacts. | EBITDA was not staged because no direct SEC EBITDA fact was available. | EPS was unavailable from annual SEC Companyfacts. | Revenue was unavailable from annual SEC Companyfacts. | Shares outstanding was unavailable from SEC Companyfacts. | Shares outstanding staged from explicit SEC filing document fact dei:EntityCommonStockSharesOutstanding.,Abony Acquisition Corp. I,,,2026-06-26T03:50:45+00:00
AAPG,,,,,,,,,,,,,,,,,,373322192.0,,,,,,sec_companyfacts,2026-04-01,2023311,20-F,2026-04-29,0001213900-26-049412,Cash was unavailable from SEC Companyfacts. | Debt was unavailable from SEC Companyfacts. | EBITDA was not staged because no direct SEC EBITDA fact was available. | EPS was unavailable from annual SEC Companyfacts. | Revenue was unavailable from annual SEC Companyfacts.,ASCENTAGE PHARMA GROUP INTERNATIONAL,,,
AARD,,,,,,,,-2.93,-54267000.0,,,,,,62436000.0,,,21816385.0,,,,,,sec_companyfacts,2025-12-31,1774857,10-K,2026-03-23,0001193125-26-119770,Debt was unavailable from SEC Companyfacts. | EBITDA was not staged because no direct SEC EBITDA fact was available. | Revenue was unavailable from annual SEC Companyfacts.,"AARDVARK THERAPEUTICS, INC.",,,
SNDK,,,,0.1038571214167792,-0.2231135282121006,,7355000000.0,-11.32,-120000000.0,,-0.0163154316791298,-0.1872195785180149,,,3735000000.0,0.0,,148089758.0,,,,,,sec_companyfacts,2025-06-27,2023554,10-K,2025-08-21,0002023554-25-000034,EBITDA was not staged because no direct SEC EBITDA fact was available.,Sandisk Corporation,,,
WDC,,,,3.149956408020924,0.1984243697478991,,9520000000.0,5.12,1279000000.0,,0.1343487394957983,0.2451680672268907,,,2050000000.0,1581000000.0,,344682131.0,,,,,,sec_companyfacts,2025-06-27,106040,10-K,2025-08-14,0000106040-25-000038,EBITDA was not staged because no direct SEC EBITDA fact was available.,WESTERN DIGITAL CORPORATION,,,
F,,,,0.0122978290953122,0.031393678544538,,187267000000.0,-2.06,12467000000.0,,0.0665733952057757,-0.0489621769986169,,,17649000000.0,291000000.0,,3727332952.0,,,,,,sec_companyfacts,2025-12-31,37996,10-K,2026-02-11,0000037996-26-000015,EBITDA was not staged because no direct SEC EBITDA fact was available.,Ford Motor Co,,,
ALOY,,,,,0.0,2.105,800000.0,,-21024750.0,,-26.2809375,-391.5096,-0.1325,-69775000.0,2824000.0,786000.0,-2038000.0,61213498.0,,-68.38462,59.266666,1088376064.0,832719936.0,yfinance_research_grade,2025-12-31,,,,,,,,,2026-06-20T16:19:29+00:00
ACCL,,,,0.1253646803209813,0.2105702135657731,,4852182.0,0.083,1514942.0,,0.3122187090261659,0.2225606953737514,,,2450033.0,,,12500000.0,,,,,,sec_companyfacts,2025-06-30,2038378,20-F,2025-11-17,0001213900-25-111270,Debt was unavailable from SEC Companyfacts. | EBITDA was not staged because no direct SEC EBITDA fact was available.,ACCO GROUP HOLDINGS LIMITED,,,
ACFN,,,,0.0447842708902239,0.2186792124063425,,11478000.0,0.99,2057000.0,,0.1792124063425683,0.1732880292733925,,,4257000.0,0.0,,2508258.0,,,,,,sec_companyfacts,2025-12-31,880984,10-K,2026-03-05,0001493152-26-008937,EBITDA was not staged because no direct SEC EBITDA fact was available.,"ACORN ENERGY, INC.",,,
ACGL,,,,0.1427178899082568,0.2207336042952481,,19929000000.0,11.6,6128000000.0,,0.307491595162828,,,,914000000.0,,,349389588.0,,,,,,sec_companyfacts,2025-12-31,947484,10-K,2026-02-26,0000947484-26-000017,Debt was unavailable from SEC Companyfacts. | EBITDA was not staged because no direct SEC EBITDA fact was available.,Arch Capital Group Ltd.,,,
ACHC,,,,0.0503512564985702,-0.3328852690906006,,3312769000.0,-12.16,-439909000.0,,-0.1327919332739469,0.1768559775824997,,,158472000.0,2526793000.0,,92211777.0,,,,,,sec_companyfacts,2025-12-31,1520697,10-K,2026-02-27,0001193125-26-078266,EBITDA was not staged because no direct SEC EBITDA fact was available.,"Acadia Healthcare Company, Inc.",,,
ACIC,,,,0.1307301024415402,0.3184990415545002,,335439000.0,2.15,70870000.0,,0.2112753734658164,0.41818929820325,,,117013000.0,150000000.0,,48464047.0,,,,,,sec_companyfacts,2025-12-31,1401521,10-K,2026-03-09,0001401521-26-000015,EBITDA was not staged because no direct SEC EBITDA fact was available.,American Coastal Insurance Corporation,,,
ACIW,,,,0.103804331463324,0.1287989080465648,,1759782000.0,2.16,309924000.0,,0.1761149960620122,0.187474357619296,,,161757000.0,807395000.0,,101661570.0,,,,,,sec_companyfacts,2025-12-31,935036,10-K,2026-02-26,0000935036-26-000011,EBITDA was not staged because no direct SEC EBITDA fact was available.,"ACI WORLDWIDE, INC.",,,
ACLS,,,,-0.1756785035343586,0.143302886128088,,839048000.0,3.8,107010000.0,,0.12753739952899,0.142202829873857,,,150829000.0,28181000.0,,30733897.0,,,,,,sec_companyfacts,2025-12-31,1113232,10-K,2026-02-26,0001104659-26-020461,EBITDA was not staged because no direct SEC EBITDA fact was available.,AXCELIS TECHNOLOGIES INC,,,
ACMR,,,,0.1523951628782357,0.1043792972221513,,901309000.0,1.37,-66608000.0,,-0.0739014034032723,0.1214111919441612,,,872269000.0,328141000.0,,14176690.0,,,,,,sec_companyfacts,2025-12-31,1680062,10-K,2026-03-02,0001628280-26-013231,EBITDA was not staged because no direct SEC EBITDA fact was available.,"ACM Research, Inc.",,,
ACNB,,,,0.4510458035477892,0.1931540342298288,,191821000.0,3.6,52567000.0,,0.2740419453553052,,,,93635000.0,63828000.0,,10212044.0,,,,,,sec_companyfacts,2025-12-31,715579,10-K,2026-03-12,0001628280-26-017229,EBITDA was not staged because no direct SEC EBITDA fact was available.,ACNB CORP,,,
ACNT,,,,-0.0720750838874237,0.0115689466520776,,74942000.0,0.09,-2063000.0,,-0.0275279549518294,-0.0937658455872541,,,47821000.0,0.0,,9038215.0,,,,,,sec_companyfacts,2025-12-31,95953,10-K,2026-03-03,0000095953-26-000040,EBITDA was not staged because no direct SEC EBITDA fact was available.,Ascent Industries Co.,,,
ACOG,,,,-0.89779725,-2.0224382416324413,,10220275.0,-1.18,-20673856.0,,-2.022827761483913,-2.217228890612043,,,54248275.0,,,21774104.0,,,,,,sec_companyfacts,2025-12-31,1655923,10-K,2026-03-31,0001213900-26-037614,Debt was unavailable from SEC Companyfacts. | EBITDA was not staged because no direct SEC EBITDA fact was available.,Alpha Cognition Inc.,,,
ACON,,,,0.6562417986177937,-95.51867159646112,,75730.0,-13.61,-7185732.0,,-94.88620097715568,-93.1254588670276,,,19004976.0,,,2462250.0,,,,,,sec_companyfacts,2025-12-31,1635077,10-K,2026-03-18,0001683168-26-001986,Debt was unavailable from SEC Companyfacts. | EBITDA was not staged because no direct SEC EBITDA fact was available.,"ACLARION, INC.",,,
ACRS,,,,-0.5819444444444445,-8.29580884232047,,7826000.0,-0.53,-47224000.0,,-6.034244824942499,-9.759136212624584,,,28660000.0,10731000.0,,139663680.0,,,,,,sec_companyfacts,2025-12-31,1557746,10-K,2026-02-26,0001104659-26-020540,EBITDA was not staged because no direct SEC EBITDA fact was available.,"Aclaris Therapeutics, Inc.",,,
ACTG,,,,1.332003401138073,0.0857898132046895,,285232000.0,0.22,-73425000.0,,-0.257422028383912,0.0224694283951309,,,307507000.0,0.0,,96589132.0,,,,,,sec_companyfacts,2025-12-31,934549,10-K,2026-03-12,0000934549-26-000010,EBITDA was not staged because no direct SEC EBITDA fact was available.,Acacia Research Corporation,,,
ADAG,,,,73.32756482306887,-2.2956117807266994,,7670902.0,-0.3,-15674503.0,,-2.043371561779827,-2.7947554277189304,,,74523782.0,1849533.0,,59231993.0,,,,,,sec_companyfacts,2025-12-31,1818838,20-F,2026-04-01,0001104659-26-038612,EBITDA was not staged because no direct SEC EBITDA fact was available.,Adagene Inc.,,,
ADBE,,,,0.1052778423622413,0.2999705498758888,,23769000000.0,16.7,9852000000.0,,0.4144894610627287,0.3662754007320459,,,6332000000.0,2750000000.0,,404200000.0,,,,,,sec_companyfacts,2025-11-28,796343,10-K,2026-01-15,0000796343-26-000003,EBITDA was not staged because no direct SEC EBITDA fact was available.,ADOBE INC.,,,
ADEA,,,,0.179142820671021,0.2505153523115299,,443386000.0,0.99,156280000.0,,0.3524694058901273,0.3946967202392498,,,53325000.0,391264000.0,,110293749.0,,,,,,sec_companyfacts,2025-12-31,1803696,10-K,2026-02-26,0001193125-26-076549,EBITDA was not staged because no direct SEC EBITDA fact was available.,Adeia Inc.,,,
ADI,,,,0.1689321605654812,0.2057533834611029,,11019707000.0,4.56,4278650000.0,,0.3882725738533701,0.2661137905027783,,,2436916000.0,8581290000.0,,487087040.0,,,,,,sec_companyfacts,2025-11-01,6281,10-K,2025-11-25,0000006281-25-000153,EBITDA was not staged because no direct SEC EBITDA fact was available.,ANALOG DEVICES INC,,,
ADM,,,,-0.061510581082661,0.0134298421557512,,80269000000.0,2.23,4204000000.0,,0.0523738927855087,,,,591000000.0,9329000000.0,,481956527.0,,,,,,sec_companyfacts,2025-12-31,7084,10-K,2026-02-17,0000007084-26-000011,EBITDA was not staged because no direct SEC EBITDA fact was available.,ARCHER-DANIELS-MIDLAND CO,,,
ADMA,,,,0.1963142566372926,0.2880003449810162,,510173000.0,0.6,27821000.0,,0.0545324821188106,0.375251140299467,,,138153000.0,196865000.0,,231772715.0,,,,,,sec_companyfacts,2025-12-31,1368514,10-K,2026-02-25,0001140361-26-006815,EBITDA was not staged because no direct SEC EBITDA fact was available.,"ADMA BIOLOGICS, INC.",,,
ADPT,,,,0.547723754868488,-0.2148164461902836,,276976000.0,-0.39,-48945000.0,,-0.176712061694876,-0.2062380856103056,,,77581000.0,130553000.0,,160044392.0,,,,,,sec_companyfacts,2025-12-31,1478320,10-K,2026-02-26,0001193125-26-076902,EBITDA was not staged because no direct SEC EBITDA fact was available.,ADAPTIVE BIOTECHNOLOGIES CORPORATION,,,
ADSK,,,,0.1753384439732506,0.1559811268387455,,7206000000.0,5.23,2409000000.0,,0.3343047460449625,0.2189841798501249,,,2671000000.0,2500000000.0,,211000000.0,,,,,,sec_companyfacts,2026-01-31,769397,10-K,2026-03-03,0000769397-26-000015,EBITDA was not staged because no direct SEC EBITDA fact was available.,"AUTODESK, INC.",,,
ADTN,,,,0.1745784203225247,-0.0421255813996403,,1083807000.0,-0.52,98030000.0,,0.0904496833845878,-0.0143900159345713,,,88270000.0,49200000.0,,80998100.0,,,,,,sec_companyfacts,2025-12-31,926282,10-K,2026-02-26,0001193125-26-073878,EBITDA was not staged because no direct SEC EBITDA fact was available.,"ADTRAN Holdings, Inc.",,,
ADTX,,,,-0.976154047094824,-13490.28200312989,,3195.0,-1153.83,-25702102.0,,-8044.476369327073,-6125.422222222222,,,268852.0,3100000.0,,815921.0,,,,,,sec_companyfacts,2025-12-31,1726711,10-K,2026-03-31,0001213900-26-037529,EBITDA was not staged because no direct SEC EBITDA fact was available.,"Aditxt, Inc.",,,
ADUS,,,,0.232055458215363,0.0674221281800735,,1422530000.0,5.22,103788000.0,,0.0729601484678706,0.0974425846906568,,,96954000.0,92247000.0,,18664776.0,,,,,,sec_companyfacts,2025-12-31,1468328,10-K,2026-02-24,0001437749-26-005352,EBITDA was not staged because no direct SEC EBITDA fact was available.,Addus HomeCare Corp,,,
ADV,,,,-0.0066404510638966,-0.0642839440169229,,3542642000.0,-0.2,55055000.0,,0.0155406614611355,-0.0356982161900638,,,143870000.0,1546655000.0,,13295280.0,,,,,,sec_companyfacts,2025-12-31,1776661,10-K,2026-03-03,0001193125-26-088543,EBITDA was not staged because no direct SEC EBITDA fact was available.,Advantage Solutions Inc.,,,
AEBI,,,,0.405786411629179,0.00637943175305,,1526625000.0,0.17,-5233000.0,,-0.0034278228117579,0.0478611315811021,,,115886000.0,628869000.0,,77506125.0,,,,,,sec_companyfacts,2025-12-31,2048519,10-K,2026-03-19,0001628280-26-019616,EBITDA was not staged because no direct SEC EBITDA fact was available.,AEBI SCHMIDT HOLDING AG,,,
AEE,,,,0.1542699724517906,0.0594385725650642,,8799000000.0,5.35,-775000000.0,,-0.088078190703489,0.2302534378906694,,,13000000.0,21304000000.0,,276751616.0,,,,,,sec_companyfacts,2025-12-31,1002910,10-K,2026-02-18,0001002910-26-000009,EBITDA was not staged because no direct SEC EBITDA fact was available.,AMEREN CORP,,,
AEHR,,,,-0.1094868464767887,-0.0663071496404829,,58968000.0,-0.13,-12392000.0,,-0.2101478768145434,-0.0962725546058879,,,36911000.0,0.0,,31453254.0,,,,,,sec_companyfacts,2025-05-30,1040470,10-K,2025-07-28,0001654954-25-008553,EBITDA was not staged because no direct SEC EBITDA fact was available.,AEHR TEST SYSTEMS,,,
AEI,,,,-0.7882697298372189,-10.60529359465429,,4470875.0,-2.22,-6102996.0,,-1.3650562809293485,-3.3887288282495036,,,21478610.0,651034.0,,38895830.0,,,,,,sec_companyfacts,2025-12-31,1750106,10-K,2026-03-31,0001493152-26-014302,EBITDA was not staged because no direct SEC EBITDA fact was available.,Alset Inc.,,,
AEIS,,,,0.2137651821862348,0.030138981543251,,1798800000.0,3.84,125900000.0,,0.0699911051812319,0.0933955970647098,,,699500000.0,1135000000.0,,38030657.0,,,,,,sec_companyfacts,2025-12-31,927003,10-K,2026-02-13,0001104659-26-014731,EBITDA was not staged because no direct SEC EBITDA fact was available.,ADVANCED ENERGY INDUSTRIES INC,,,
AENT,,,,-0.6785714285714286,5.584444444444444,,2700000.0,0.3,26755000.0,,9.90925925925926,11.16148148148148,,,1237000.0,,,50930770.0,,,,,,sec_companyfacts,2025-06-30,1823584,10-K,2025-09-10,0001493152-25-012989,Debt was unavailable from SEC Companyfacts. | EBITDA was not staged because no direct SEC EBITDA fact was available.,ALLIANCE ENTERTAINMENT HOLDING CORP,,,
AEP,,,,0.1092743775670604,0.0676540501005668,,21876000000.0,6.66,3491000000.0,,0.1595812762845127,0.2431431705979155,,,306000000.0,51109000000.0,,544104955.0,,,,,,sec_companyfacts,2025-12-31,4904,10-K,2026-02-12,0000004904-26-000013,EBITDA was not staged because no direct SEC EBITDA fact was available.,AMERICAN ELECTRIC POWER CO INC.,,,
AERT,,,,-0.0026211572979287,0.0404347701888193,,70014000.0,0.05,5659000.0,,0.0808266918044962,0.0645299511526266,,,4878000.0,6032000.0,,47152626.0,,,,,,sec_companyfacts,2026-03-31,1853044,10-K,2026-06-08,0001829126-26-006123,EBITDA was not staged because no direct SEC EBITDA fact was available.,"Aeries Technology, Inc.",,,
AES,,,,-0.0036650920345333,0.0743889479277364,,12233000000.0,1.26,-1623000000.0,,-0.1326739148205673,,,,1600000000.0,,,713157713.0,,,,,,sec_companyfacts,2025-12-31,874761,10-K,2026-03-02,0000874761-26-000063,Debt was unavailable from SEC Companyfacts. | EBITDA was not staged because no direct SEC EBITDA fact was available.,AES CORP,,,
AEVA,,,,0.9943739658025372,-8.020355108136512,,18079000.0,-2.55,-119686000.0,,-6.620167044637425,-7.057746556778583,,,31176000.0,,,63040821.0,,,,,,sec_companyfacts,2025-12-31,1789029,10-K,2026-03-20,0001193125-26-116518,Debt was unavailable from SEC Companyfacts. | EBITDA was not staged because no direct SEC EBITDA fact was available.,"Aeva Technologies, Inc.",,,
AEYE,,,,0.1451663305019744,-0.076331522413237,,40311000.0,-0.25,4699000.0,,0.1165686785244722,-0.045397038029322,,,8563000.0,16606000.0,,12438294.0,,,,,,sec_companyfacts,2025-12-31,1362190,10-K,2026-03-12,0001104659-26-027159,EBITDA was not staged because no direct SEC EBITDA fact was available.,"AudioEye, Inc.",,,
AFRI,,,,-0.3564070118115548,-0.0843683423235574,,176488000.0,-0.47,-161000.0,,-0.0009122433253252,-0.0201430125560944,,,14309000.0,26394000.0,,26917597.0,,,,,,sec_companyfacts,2025-12-31,1903870,20-F,2026-05-15,0001493152-26-023781,EBITDA was not staged because no direct SEC EBITDA fact was available.,FORAFRIC GLOBAL PLC,,,
AGEN,,,,0.1037375680194852,-0.0270008756874146,,114196000.0,0.0,-77201000.0,,-0.6760394409611545,-0.176617394654804,,,34996000.0,30193000.0,,41642431.0,,,,,,sec_companyfacts,2025-12-31,1098972,10-K,2026-03-16,0001193125-26-108632,EBITDA was not staged because no direct SEC EBITDA fact was available.,AGENUS INC,,,
AGIO,,,,0.4803002904268727,-7.644184496927519,,54028000.0,-7.12,-377293000.0,,-6.98328644406604,-8.738654031243058,,,113600000.0,,,59471609.0,,,,,,sec_companyfacts,2025-12-31,1439222,10-K,2026-02-12,0001439222-26-000025,Debt was unavailable from SEC Companyfacts. | EBITDA was not staged because no direct SEC EBITDA fact was available.,"AGIOS PHARMACEUTICALS, INC.",,,
APLD,,,,0.0554465736579367,-1.0352374941918123,,144193000.0,-1.16,-797005000.0,,-5.527348761729072,-0.1168225919427434,,,1730440000.0,7190000.0,,285769539.0,,,,,,sec_companyfacts,2025-05-31,1144879,10-K,2025-07-30,0001144879-25-000021,EBITDA was not staged because no direct SEC EBITDA fact was available.,APPLIED DIGITAL CORPORATION,,,
AGNT,,,,0.0448015969623037,-0.0047595389319765,,4772311000.0,-0.14,109042000.0,,0.0228488880963541,-0.0044980304091665,,,122149000.0,926000.0,,164323924.0,,,,,,sec_companyfacts,2025-12-31,1495932,10-K,2026-02-24,0001104659-26-019145,EBITDA was not staged because no direct SEC EBITDA fact was available.,"EXP WORLD HOLDINGS, INC.",,,
AGYS,,,,0.1585057904971991,0.1214830635867114,,319312000.0,1.37,68149000.0,,0.2134244876484441,0.1347115047351806,,,116894000.0,0.0,,28166629.0,,,,,,sec_companyfacts,2026-03-31,78749,10-K,2026-05-21,0001193125-26-234423,EBITDA was not staged because no direct SEC EBITDA fact was available.,"AGILYSYS, INC.",,,
AHCO,,,,-0.0049426935195762,-0.0218172942598086,,3244857000.0,-0.52,219383000.0,,0.067609450894138,0.0280052402925614,,,47964000.0,1823277000.0,,136054152.0,,,,,,sec_companyfacts,2025-12-31,1725255,10-K,2026-02-24,0001628280-26-011213,EBITDA was not staged because no direct SEC EBITDA fact was available.,AdaptHealth Corp.,,,
AIFC,,,,1.0896777992765203,-13.86904186795491,,24840000.0,-5.91,-7168000.0,,-0.2885668276972625,-0.919927536231884,,,10522000.0,6166000.0,,139836511.0,,,,,,sec_companyfacts,2025-12-27,862861,10-K,2026-04-13,0001493152-26-016259,EBITDA was not staged because no direct SEC EBITDA fact was available.,AI FINANCIAL CORPORATION,,,
AIFF,,,,9.574074074074074,-17.409807355516637,,1142000.0,-1.97,-8194000.0,,-7.175131348511384,-7.754816112084063,,,3127000.0,450000.0,,15571780.0,,,,,,sec_companyfacts,2025-12-31,803578,10-K,2026-03-31,0001437749-26-010500,EBITDA was not staged because no direct SEC EBITDA fact was available.,"FIREFLY NEUROSCIENCE, INC.",,,
AIFU,,,,-0.5820872547827041,-4.08825172890236,,556567000.0,0.42,-19611000.0,,-0.0352356499756543,-0.0701748396868661,,,31095000.0,56000000.0,,1134236184.0,,,,,,sec_companyfacts,2025-12-31,1413855,20-F,2026-04-28,0001213900-26-048631,EBITDA was not staged because no direct SEC EBITDA fact was available.,AIFU Inc.,,,
AIG,,,,-0.0174672489082969,0.1156302521008403,,26775000000.0,5.43,3074000000.0,,0.1148085901027077,,,,1528000000.0,250000000.0,,530206221.0,,,,,,sec_companyfacts,2025-12-31,5272,10-K,2026-02-12,0000005272-26-000023,EBITDA was not staged because no direct SEC EBITDA fact was available.,"American International Group, Inc.",,,
ACET,,,,,,,,-16.95,-96984000.0,,,,,,36245000.0,,,9348236.0,,,,,,sec_companyfacts,2025-12-31,1720580,DEF 14A,2026-04-29,0001720580-26-000027,Debt was unavailable from SEC Companyfacts. | EBITDA was not staged because no direct SEC EBITDA fact was available. | Revenue was unavailable from annual SEC Companyfacts.,"Adicet Bio, Inc",,,
ABVE,,Consumer Defensive,,-0.45,-0.23358,,294839648.0,-1.75,,,,-0.23252001,-0.027579999,-40343004.0,664430.0,133839864.0,133175434.0,51191848.0,,,,5835870.0,135206960.0,yfinance_research_grade,2024-07-31,,,,,,,,-61292864.0,2026-06-26T03:55:29+00:00
ACAA,,,,,,,,,,,,,,,396057.0,,,28586008.0,,,,,,sec_companyfacts; sec_filing_document,2026-03-31,2096900,10-Q,2026-05-14,0001213900-26-056638,Debt was unavailable from SEC Companyfacts. | EBITDA was not staged because no direct SEC EBITDA fact was available. | EPS was unavailable from annual SEC Companyfacts. | Revenue was unavailable from annual SEC Companyfacts. | Shares outstanding was unavailable from SEC Companyfacts. | Shares outstanding staged from explicit SEC filing document fact dei:EntityCommonStockSharesOutstanding.,Averin Capital Acquisition Corp.,,,2026-06-26T03:58:38+00:00
ACHV,,,,,,,0.0,-1.25,-49468000.0,,,,,,28078000.0,,,102659057.0,,,,,,sec_companyfacts,2019-12-31,949858,10-K,2020-03-13,0001564590-20-010642,Debt was unavailable from SEC Companyfacts. | EBITDA was not staged because no direct SEC EBITDA fact was available.,"ACHIEVE LIFE SCIENCES, INC.",,,
ACIU,,,,,,,,,,,,,,,,,,101742231.0,,,,,,sec_companyfacts,2025-12-31,1651625,20-F,2026-03-13,0001104659-26-027342,Cash was unavailable from SEC Companyfacts. | Debt was unavailable from SEC Companyfacts. | EBITDA was not staged because no direct SEC EBITDA fact was available. | EPS was unavailable from annual SEC Companyfacts. | Revenue was unavailable from annual SEC Companyfacts.,AC IMMUNE SA,,,
ACRV,,,,,,,,-2.02,-65334000.0,,,,,,34064000.0,,,42801729.0,,,,,,sec_companyfacts,2025-12-31,1781174,10-K,2026-03-19,0001193125-26-115123,Debt was unavailable from SEC Companyfacts. | EBITDA was not staged because no direct SEC EBITDA fact was available. | Revenue was unavailable from annual SEC Companyfacts.,"Acrivon Therapeutics, Inc.",,,
ACT,,,,0.0283356105224443,0.5455812180831136,,1235827000.0,4.52,,,,,,,549040000.0,744853000.0,,139600745.0,,,,,,sec_companyfacts,2025-12-31,1823529,10-K,2026-02-27,0001823529-26-000060,EBITDA was not staged because no direct SEC EBITDA fact was available. | Free cash flow could not be calculated because operating cash flow or capex was incomplete.,"Enact Holdings, Inc.",,,
ACTU,,,,,,,,-1.06,,,,,,,8134004.0,,,23925852.0,,,,,,sec_companyfacts,2025-12-31,1652935,10-K,2026-03-26,0001683168-26-002257,Debt was unavailable from SEC Companyfacts. | EBITDA was not staged because no direct SEC EBITDA fact was available. | Free cash flow could not be calculated because operating cash flow or capex was incomplete. | Revenue was unavailable from annual SEC Companyfacts.,"ACTUATE THERAPEUTICS, INC.",,,
ACXP,,,,,,,,-5.32,,,,,,,9254813.0,,,4297738.0,,,,,,sec_companyfacts,2025-12-31,1736243,10-K,2026-03-12,0001104659-26-027052,Debt was unavailable from SEC Companyfacts. | EBITDA was not staged because no direct SEC EBITDA fact was available. | Free cash flow could not be calculated because operating cash flow or capex was incomplete. | Revenue was unavailable from annual SEC Companyfacts.,"Acurx Pharmaceuticals, Inc.",,,
ADAC,,,,,,,,,,,,,,,994167.0,,,23000000.0,,,,,,sec_companyfacts; sec_filing_document,2026-03-31,2083002,10-Q,2026-05-15,0001104659-26-062510,Debt was unavailable from SEC Companyfacts. | EBITDA was not staged because no direct SEC EBITDA fact was available. | EPS was unavailable from annual SEC Companyfacts. | Free cash flow could not be calculated because operating cash flow or capex was incomplete. | Revenue was unavailable from annual SEC Companyfacts. | Shares outstanding was unavailable from SEC Companyfacts. | Shares outstanding staged from explicit SEC filing document fact dei:EntityCommonStockSharesOutstanding.,American Drive Acquisition Co,,,2026-06-26T04:19:43+00:00
ADAM,,,,,,,,1.1,125886000.0,,,,,,208915000.0,669487000.0,,89861108.0,,,,,,sec_companyfacts,2025-12-31,1273685,10-K,2026-02-20,0001273685-26-000029,EBITDA was not staged because no direct SEC EBITDA fact was available. | Revenue was unavailable from annual SEC Companyfacts.,"ADAMAS TRUST, INC.",,,
ADGM,,,,-1.0,,,0.0,-1.51,-19388000.0,,,,,,12909000.0,22872000.0,,22210459.0,,,,,,sec_companyfacts,2025-12-31,2006986,10-K,2026-03-27,0002006986-26-000003,EBITDA was not staged because no direct SEC EBITDA fact was available.,"ADAGIO MEDICAL HOLDINGS, INC.",,,
ADIL,,,,,,,,-11.93,-6557208.0,,,,,,4584100.0,,,2143621.0,,,,,,sec_companyfacts,2025-12-31,1513525,10-K,2026-03-05,0001213900-26-024175,Debt was unavailable from SEC Companyfacts. | EBITDA was not staged because no direct SEC EBITDA fact was available. | Revenue was unavailable from annual SEC Companyfacts.,"ADIAL PHARMACEUTICALS, INC.",,,
ADP,,,,0.0707352129399143,0.1984203026132124,,20560900000.0,9.98,,,,,,,3228400000.0,3995500000.0,,399734282.0,,,,,,sec_companyfacts,2025-06-30,8670,10-K,2025-08-06,0000008670-25-000037,EBITDA was not staged because no direct SEC EBITDA fact was available. | Free cash flow could not be calculated because operating cash flow or capex was incomplete.,AUTOMATIC DATA PROCESSING INC,,,
ADSE,,,,,,,,,,,,,,,,,,60436227.0,,,,,,sec_companyfacts,2025-12-31,1879248,20-F,2026-05-15,0001213900-26-057891,Cash was unavailable from SEC Companyfacts. | Debt was unavailable from SEC Companyfacts. | EBITDA was not staged because no direct SEC EBITDA fact was available. | EPS was unavailable from annual SEC Companyfacts. | Revenue was unavailable from annual SEC Companyfacts.,ADS-TEC ENERGY PUBLIC LIMITED COMPANY,,,
ADUR,,,,,,,,,,,,,,,,,,29613178.0,,,,,,sec_companyfacts,2025-05-31,1863934,40-F,2025-08-27,0001062993-25-015005,Cash was unavailable from SEC Companyfacts. | Debt was unavailable from SEC Companyfacts. | EBITDA was not staged because no direct SEC EBITDA fact was available. | EPS was unavailable from annual SEC Companyfacts. | Revenue was unavailable from annual SEC Companyfacts.,ADURO CLEAN TECHNOLOGIES INC.,,,
ADVB,,,,,,,,-0.16,-5856705.0,,,,,,2602697.0,,,1382133.0,,,,,,sec_companyfacts,2025-06-30,1941029,10-K,2025-10-08,0001213900-25-097465,Debt was unavailable from SEC Companyfacts. | EBITDA was not staged because no direct SEC EBITDA fact was available. | Revenue was unavailable from annual SEC Companyfacts.,Advanced Biomed Inc,,,
AEAQ,,,,,,,,,,,,,,,552636.0,,,23645000.0,,,,,,sec_companyfacts; sec_filing_document,2026-03-31,2083689,10-Q,2026-05-15,0001213900-26-057717,Debt was unavailable from SEC Companyfacts. | EBITDA was not staged because no direct SEC EBITDA fact was available. | EPS was unavailable from annual SEC Companyfacts. | Free cash flow could not be calculated because operating cash flow or capex was incomplete. | Revenue was unavailable from annual SEC Companyfacts. | Shares outstanding was unavailable from SEC Companyfacts. | Shares outstanding staged from explicit SEC filing document fact dei:EntityCommonStockSharesOutstanding.,Activate Energy Acquisition Corp.,,,2026-06-26T04:39:22+00:00
AEHL,,,,,,,,,,,,,,,,0.0,,4580547.0,,,,,,sec_companyfacts,2025-09-30,1470683,20-F,2026-01-29,0001493152-26-004260,Cash was unavailable from SEC Companyfacts. | EBITDA was not staged because no direct SEC EBITDA fact was available. | EPS was unavailable from annual SEC Companyfacts. | Revenue was unavailable from annual SEC Companyfacts.,Antelope Enterprise Holdings Ltd,,,
AEMD,,,,-1.0,,,0.0,-10.61,-7002096.0,,,,,,5026458.0,,,2370560.0,,,,,,sec_companyfacts,2024-03-31,882291,10-K,2024-06-27,0001683168-24-004530,Debt was unavailable from SEC Companyfacts. | EBITDA was not staged because no direct SEC EBITDA fact was available.,"Aethlon Medical, Inc.",,,
AFBI,,,,,,,,1.29,11218000.0,,,,,,89352000.0,,,6094885.0,,,,,,sec_companyfacts,2025-12-31,1823406,10-K/A,2026-04-17,0001193125-26-161629,Debt was unavailable from SEC Companyfacts. | EBITDA was not staged because no direct SEC EBITDA fact was available. | Revenue was unavailable from annual SEC Companyfacts.,"Affinity Bancshares, Inc.",,,
AFCG,,,,-0.4619791433146876,0.8529693590121415,,24563601.0,-0.95,,,,,,,112730935.0,,,23528844.0,,,,,,sec_companyfacts,2025-12-31,1822523,10-K,2026-03-04,0001628280-26-014392,Debt was unavailable from SEC Companyfacts. | EBITDA was not staged because no direct SEC EBITDA fact was available. | Free cash flow could not be calculated because operating cash flow or capex was incomplete.,ADVANCED FLOWER CAPITAL INC.,,,
AFJK,,,,,,,,0.08,,,,,,,,,,3166332.0,,,,,,sec_companyfacts,2025-12-31,1979005,10-K,2026-05-04,0001493152-26-021108,Cash was unavailable from SEC Companyfacts. | Debt was unavailable from SEC Companyfacts. | EBITDA was not staged because no direct SEC EBITDA fact was available. | Free cash flow could not be calculated because operating cash flow or capex was incomplete. | Revenue was unavailable from annual SEC Companyfacts.,"AIMEI HEALTH TECHNOLOGY CO., LTD",,,
AFL,,,,-0.0931473556295239,0.21242134700536,,17164000000.0,6.82,,,,0.2421929620135166,,,5654000000.0,8378000000.0,,508984904.0,,,,,,sec_companyfacts,2025-12-31,4977,10-K,2026-02-25,0001628280-26-011402,EBITDA was not staged because no direct SEC EBITDA fact was available. | Free cash flow could not be calculated because operating cash flow or capex was incomplete.,AFLAC INC,,,
AFRM,,,,0.3880384795688676,0.0161846563032267,,3224412000.0,0.15,601720000.0,,0.186613869443483,-0.0270663302332332,,,1723413000.0,8873911000.0,,294357801.0,,,,,,sec_companyfacts; sec_filing_document,2026-05-01,1820953,10-Q,2026-05-07,0001628280-26-032294,EBITDA was not staged because no direct SEC EBITDA fact was available. | Shares outstanding was unavailable from SEC Companyfacts. | Shares outstanding staged from explicit SEC filing document fact dei:EntityCommonStockSharesOutstanding.,"Affirm Holdings, Inc.",,,2026-06-26T04:58:12+00:00
AFYA,,Consumer Defensive,9.206249,0.082,0.20073,66.887,3773606912.0,1.6,525229504.0,525229504.0,0.1391850068775791,0.38866,0.64334,1484216960.0,1332866048.0,3201586944.0,1868720896.0,55148697.0,9.206249,7.5021477,1.424284,1347097088.0,3221506816.0,yfinance_research_grade; sec_filing_document,2026-03-25,1771007,20-F,2026-03-31,0001292814-26-002013,Shares outstanding staged from explicit SEC filing document fact dei:EntityCommonStockSharesOutstanding.,Afya Ltd,,757481024.0,2026-06-26T05:00:59+00:00
AGAE,,Technology,,0.02,0.0,98.921,7975219.0,-0.83,-7986683.0,-7986683.0,-1.001437452689387,-6.4447603,0.47159,-28953244.0,50843080.0,37243188.0,-13599892.0,37016657.0,,,0.44615382,22757840.0,11870434.0,yfinance_research_grade,2025-12-31,,,,,,,,-32786790.0,2026-06-26T04:46:35+00:00
AGCC,,Consumer Defensive,377.50003,2.741,0.09819,169.577,6206178.0,0.04,-8163628.0,-8163628.0,-1.315403457651392,0.06262,0.30431998,813597.0,15824906.0,16733650.0,908744.0,19876500.0,377.50003,,30.44355,344076160.0,344984896.0,yfinance_research_grade; sec_filing_document,2026-03-05,2060016,20-F,2026-04-30,0001213900-26-050040,Shares outstanding staged from explicit SEC filing document fact dei:EntityCommonStockSharesOutstanding.,Agencia Comercial Spirits Ltd.,,609382.0,2026-06-26T05:07:48+00:00
AGMB,,,,,,,,,,,,,,,,,,34167168.0,,,,,,sec_companyfacts,2025-12-31,2020932,20-F,2026-04-23,0001104659-26-047872,Cash was unavailable from SEC Companyfacts. | Debt was unavailable from SEC Companyfacts. | EBITDA was not staged because no direct SEC EBITDA fact was available. | EPS was unavailable from annual SEC Companyfacts. | Revenue was unavailable from annual SEC Companyfacts.,AgomAb Therapeutics NV,,,
AGMH,,Technology,0.031911626,4.307,0.31413,6.078,48526744.0,32.59,-12927555.0,-12927555.0,-0.2664006264257086,-0.01599,0.1545,19562996.0,6492701.0,2173365.0,-4319336.0,24254842.0,0.031911626,,0.057420496,2390888.0,-2266206.0,yfinance_research_grade; sec_filing_document,2024-12-31,1705402,20-F/A,2025-08-22,0001185185-25-001059,Shares outstanding staged from explicit SEC filing document fact dei:EntityCommonStockSharesOutstanding.,"AGM GROUP HOLDINGS, INC.",,19100052.0,2026-06-26T05:17:50+00:00
AGNC,,Real Estate,8.296875,,0.91713,722.896,1604999936.0,1.28,,,,1.29825,1.0,,18314999808.0,88055996416.0,69740996608.0,1147929272.0,8.296875,7.0947566,1.1935266,12191007744.0,83900006400.0,yfinance_research_grade; sec_filing_document,2026-04-16,1423689,10-Q,2026-05-04,0001423689-26-000099,Shares outstanding staged from explicit SEC filing document fact dei:EntityCommonStockSharesOutstanding.,AGNC Investment Corp.,,1302000000.0,2026-06-26T05:21:40+00:00
AGPU,,Technology,,-0.68,0.0,3.556,50285.0,-8.93,-31951372.0,-31951372.0,-635.4056279208512,-97.205215,0.31841,-29445688.0,6925244.0,1432215.0,-5493029.0,10404641.0,,,0.55365396,69999536.0,61825792.0,yfinance_research_grade; sec_filing_document,2026-04-20,1446159,10-Q,2026-05-15,0001171843-26-003484,Shares outstanding staged from explicit SEC filing document fact dei:EntityCommonStockSharesOutstanding.,Axe Compute Inc.,,-238277168.0,2026-06-26T05:25:35+00:00
AGRZ,,Consumer Defensive,3.8677776,3.202,0.13293,69.847,62679872.0,0.09,-613851.0,-613851.0,-0.0097934309757365,0.15624,0.32122,14156994.0,3625690.0,11393532.0,7767842.0,20423485.0,3.8677776,,1.8596194,7544540.0,15355636.0,yfinance_research_grade; sec_filing_document,2025-05-22,2009233,20-F,2025-05-22,0001213900-25-046757,Shares outstanding staged from explicit SEC filing document fact dei:EntityCommonStockSharesOutstanding.,Agroz Inc.,,8331894.0,2026-06-26T05:29:22+00:00
AHMA,,Consumer Cyclical,44.25,0.046,0.06046,0.888,20229180.0,0.04,-703961.0,-703961.0,-0.0347992849932622,0.09134,0.24858,1388851.0,2928797.0,110970.0,-2817827.0,10965000.0,44.25,,4.214286,52613248.0,49795424.0,yfinance_research_grade; sec_filing_document,2025-12-31,2010959,20-F,2026-04-30,0001213900-26-050228,Shares outstanding staged from explicit SEC filing document fact dei:EntityCommonStockSharesOutstanding.,AMBITIONS ENTERPRISE MANAGEMENT CO. L.L.C,,1223156.0,2026-06-26T05:33:22+00:00
AIAI,,Industrials,,,0.0,,,-2.31,,,,0.0,0.0,,,0.0,,70313990.0,,,,1125023872.0,,yfinance_research_grade; sec_filing_document,2026-05-14,2096362,10-Q,2026-06-22,0001193125-26-277544,Shares outstanding staged from explicit SEC filing document fact dei:EntityCommonStockSharesOutstanding.,AIAI Holdings Corp,,-3899000.0,2026-06-26T05:39:56+00:00
AIDX,,Healthcare,,-0.362,-2.7913,33.567,1844688.0,-0.49,-1301893.0,-1301893.0,-0.7057524090794758,-4.08449,0.27193,-3921809.0,4219099.0,925487.0,-3293612.0,10611528.0,,,2.4192624,7231882.0,3174612.0,yfinance_research_grade; sec_filing_document,2026-04-23,1139685,10-Q,2026-05-20,0001213900-26-059542,Shares outstanding staged from explicit SEC filing document fact dei:EntityCommonStockSharesOutstanding.,"20/20 Biolabs, Inc.",,-5094888.0,2026-06-26T05:43:16+00:00
AIHS,,Industrials,,-0.205,-1.15739,5.257,3132462.0,-3.04,-4550194.0,-4550194.0,-1.4525935190913728,-3.05725,0.19746,-3974467.0,3508226.0,199504.0,-3308722.0,4557489.0,,,16.78161,6653934.0,6742953.0,yfinance_research_grade; sec_filing_document,2026-01-30,1711012,10-Q,2026-02-13,0001213900-26-016397,Shares outstanding staged from explicit SEC filing document fact dei:EntityCommonStockSharesOutstanding.,Senmiao Technology Ltd,,-4088703.0,2026-06-26T05:46:03+00:00
AIIO,,Consumer Cyclical,,-0.982,0.0,,950000.0,-211.89,51768000.0,51768000.0,54.49263157894737,-1758.0814,0.15895,-156854000.0,4879000.0,27139000.0,22260000.0,36350011.0,,,-0.64665896,543731264.0,95088760.0,yfinance_research_grade; sec_filing_document,2026-02-11,1932737,20-F,2026-04-30,0001213900-26-050409,Shares outstanding staged from explicit SEC filing document fact dei:EntityCommonStockSharesOutstanding.,ROBO.AI INC.,,-167342000.0,2026-06-26T05:49:27+00:00
AIIR,,Consumer Defensive,22.413794,,0.0,,,0.29,,,,0.0,0.0,,,,,160386602.0,22.413794,10.333863,,1042512960.0,,yfinance_research_grade,,,,,,,,,,2026-06-26T05:52:20+00:00
AIMD,,Technology,,-0.998,0.0,242.675,18111.0,-2.83,616062.0,616062.0,34.0159019380487,-14184.143,0.79151,-8334230.0,2841422.0,13812940.0,10971518.0,8524542.0,,,1.9313304,13256175.0,24227694.0,yfinance_research_grade; sec_filing_document,2026-03-31,1014763,10-Q,2026-05-13,0001493152-26-022791,Shares outstanding staged from explicit SEC filing document fact dei:EntityCommonStockSharesOutstanding.,"Ainos, Inc.",,-13944790.0,2026-06-26T05:55:30+00:00
AIOS,,Technology,,,0.0,,5067754.0,-964.92,186623328.0,186623328.0,36.8256486009384,0.29034,0.71953005,3091202.0,1413604.0,0.0,-1413604.0,4985096.0,,,0.6000102,37972800.0,36667664.0,yfinance_research_grade; sec_filing_document,2025-12-31,1603993,20-F,2026-04-20,0001213900-26-045606,Shares outstanding staged from explicit SEC filing document fact dei:EntityCommonStockSharesOutstanding.,AIOS Tech Inc.,,-223702576.0,2026-06-26T05:59:06+00:00
AIOT,,Technology,,0.105,-0.04631,61.65,443776992.0,-0.15,15281875.0,15281875.0,0.03443593353303,0.11253,0.55527997,85772000.0,36496000.0,296915008.0,260419008.0,134180878.0,,11.074627,1.0200715,497811072.0,756986688.0,yfinance_research_grade; sec_filing_document,2026-03-31,1774170,10-K,2026-06-15,0001628280-26-043187,Shares outstanding staged from explicit SEC filing document fact dei:EntityCommonStockSharesOutstanding.,"Powerfleet, Inc.",,-20552000.0,2026-06-26T06:01:51+00:00
AIP,,Technology,,0.387,-0.44924,260.131,76983000.0,-0.79,20365000.0,20365000.0,0.2645389241780653,-0.38001,0.88804,-30267000.0,38103000.0,6740000.0,-31363000.0,46171982.0,,272.4375,778.3928,2012636800.0,1981273728.0,yfinance_research_grade; sec_filing_document,2025-12-31,1667011,10-Q,2026-05-12,0001628280-26-034186,Shares outstanding staged from explicit SEC filing document fact dei:EntityCommonStockSharesOutstanding.,"Arteris, Inc.",,-34584000.0,2026-06-26T06:05:09+00:00
AIRE,,Real Estate,,-0.091,0.0,3.55,4433925.0,-5.0,-8611330.0,-8611330.0,-1.942146066972265,-5.08959,0.56046003,-17487576.0,4667612.0,330515.0,-4337097.0,134118789.0,,-1.0400001,1.1848959,9763847.0,6495281.0,yfinance_research_grade; sec_filing_document,2026-03-31,1859199,10-Q,2026-04-28,0001213900-26-048242,Shares outstanding staged from explicit SEC filing document fact dei:EntityCommonStockSharesOutstanding.,reAlpha Tech Corp.,,-19242526.0,2026-06-26T06:09:47+00:00
AIRG,,Technology,,-0.042,-0.13216,16.102,51277000.0,-0.56,268625.0,268625.0,0.0052387035122959,-0.16845,0.43602002,-4081000.0,7127000.0,4511000.0,-2616000.0,12675780.0,,19.870968,2.7835517,78082800.0,75466808.0,yfinance_research_grade; sec_filing_document,2026-02-09,1272842,10-Q,2026-05-06,0001193125-26-209133,Shares outstanding staged from explicit SEC filing document fact dei:EntityCommonStockSharesOutstanding.,AIRGAIN INC,,-6777000.0,2026-06-26T06:11:56+00:00
AIRJ,,Industrials,,,0.0,0.048,,-1.16,-4051166.0,-4051166.0,,0.0,0.0,-13992823.0,31062196.0,115735.0,-30946461.0,72400588.0,,-15.926787,1.3411864,342092800.0,292587232.0,yfinance_research_grade,2026-03-31,,,,,,,,-73744400.0,2026-06-26T06:14:06+00:00
AIRO,,Industrials,,-0.245,-0.19979,0.603,88013000.0,-0.58,-27987216.0,-27987216.0,-0.3179895697226546,-1.92765,0.56636,-30841000.0,54227000.0,4356000.0,-49871000.0,31445644.0,,-35.36842,0.29241544,211314720.0,161443728.0,yfinance_research_grade; sec_filing_document,2026-03-31,1927958,10-Q,2026-05-14,0001493152-26-023110,Shares outstanding staged from explicit SEC filing document fact dei:EntityCommonStockSharesOutstanding.,"AIRO Group Holdings, Inc.",,-17584000.0,2026-06-26T06:17:24+00:00
AIRS,,Healthcare,,0.0,-0.07388,70.831,151836000.0,-0.17,13016375.0,13016375.0,0.085726540477884,-0.04575,0.66063005,7514000.0,16690000.0,71016000.0,54326000.0,70545681.0,,-221.00002,3.1104856,311811904.0,366137920.0,yfinance_research_grade; sec_filing_document,2026-05-08,1870940,10-Q,2026-05-08,0001870940-26-000028,Shares outstanding staged from explicit SEC filing document fact dei:EntityCommonStockSharesOutstanding.,"Airsculpt Technologies, Inc.",,-11217000.0,2026-06-26T06:19:47+00:00
AIRT,,Industrials,,-0.087,-0.02481,3589.469,272467008.0,-2.45,74457504.0,74457504.0,0.2732716322117061,-0.05314,0.23231001,-2906000.0,37962000.0,211671008.0,173709008.0,2702639.0,,,-51.062588,59755616.0,240531616.0,yfinance_research_grade; sec_filing_document,2026-01-05,353184,10-Q,2026-02-13,0000353184-26-000016,Shares outstanding staged from explicit SEC filing document fact dei:EntityCommonStockSharesOutstanding.,AIR T INC,,-6760000.0,2026-06-26T06:22:36+00:00
AISP,,Technology,19.846153,0.155,0.30255,,16171619.0,0.13,-3201177.0,-3201177.0,-0.1979503103554443,-0.24893999,0.53356,,12567574.0,758376.0,-11809198.0,34439562.0,19.846153,64.5,-12.344497,88854064.0,77044872.0,yfinance_research_grade; sec_filing_document,2026-04-20,1842566,10-Q,2026-05-08,0001654954-26-004630,Shares outstanding staged from explicit SEC filing document fact dei:EntityCommonStockSharesOutstanding.,"Airship AI Holdings, Inc.",,4892774.0,2026-06-26T06:24:57+00:00
AIXC,,Technology,,,0.0,3.445,4306316.0,-7.08,-2090495.0,-2090495.0,-0.4854485829651145,-3.82109,0.10135,-11164868.0,23976570.0,630304.0,-23346266.0,20234993.0,,,-1.3925729,21246740.0,-2099522.0,yfinance_research_grade; sec_filing_document,2026-03-31,1460702,10-Q,2026-05-11,0001493152-26-022250,Shares outstanding staged from explicit SEC filing document fact dei:EntityCommonStockSharesOutstanding.,"AIxCrypto Holdings, Inc.",,-20418942.0,2026-06-26T06:28:11+00:00
AIZ,,Financial Services,13.365966,0.113,0.076,37.61,13160399872.0,19.51,2029737472.0,2029737472.0,0.154230683850151,0.106400006,0.12745,1638899968.0,1921500032.0,2207500032.0,286000000.0,49547637.0,13.365966,11.605876,2.2068293,12920536064.0,13206537216.0,yfinance_research_grade; sec_filing_document,2026-04-01,1267238,10-Q,2026-05-07,0001267238-26-000027,Shares outstanding staged from explicit SEC filing document fact dei:EntityCommonStockSharesOutstanding.,"ASSURANT, INC.",,991600000.0,2026-06-26T06:30:44+00:00
AJG,,Financial Services,35.25243,0.346,0.11354,56.18,14197999616.0,6.18,1080225024.0,1080225024.0,0.076082902747981,0.28402,0.42929,3960000000.0,1412999936.0,13372000256.0,11959000320.0,256899999.99999997,35.25243,14.650049,2.3540726,55977385984.0,67954233344.0,yfinance_research_grade; sec_filing_document,2026-03-31,354190,10-Q,2026-05-07,0001628280-26-031592,Shares outstanding staged from explicit SEC filing document fact dei:EntityCommonStockSharesOutstanding.,Arthur J. Gallagher & Co.,,1612000000.0,2026-06-26T06:33:55+00:00
AKAM,,Technology,38.13851,0.058,0.102,119.534,4266646016.0,2.96,700723392.0,700723392.0,0.164232839886945,0.10611,0.58284,1146972032.0,930444992.0,5867704832.0,4937259840.0,145385451.0,38.13851,15.809264,3.347269,16412564480.0,21349824512.0,yfinance_research_grade; sec_filing_document,2026-03-16,1086222,10-Q,2026-05-08,0001086222-26-000058,Shares outstanding staged from explicit SEC filing document fact dei:EntityCommonStockSharesOutstanding.,AKAMAI TECHNOLOGIES INC,,435179008.0,2026-06-26T06:39:10+00:00
AKAN,,Healthcare,,,0.0,,258075.0,-15065.55,-5709965.0,-5709965.0,-22.125215538118763,-13.533421,-0.60456,-4703419.0,503562.0,14236409.0,13732847.0,1983546.0,,,-2.7368035,8047714.0,24218030.0,yfinance_research_grade; sec_filing_document,2025-12-31,1888014,20-F,2026-06-09,0001213900-26-066800,Shares outstanding staged from explicit SEC filing document fact dei:EntityCommonStockSharesOutstanding.,AKANDA CORP.,,-46161552.0,2026-06-26T06:41:46+00:00
AKBA,,Healthcare,,-0.066,-0.08826,721.549,232404000.0,-0.08,65809876.0,65809876.0,0.2831701519767302,-0.02764,0.81941,12130000.0,162644000.0,197524000.0,34880000.0,268258243.0,,-5.4736843,10.196078,278988544.0,313868576.0,yfinance_research_grade; sec_filing_document,2026-05-07,1517022,10-Q,2026-05-07,0001517022-26-000039,Shares outstanding staged from explicit SEC filing document fact dei:EntityCommonStockSharesOutstanding.,"Akebia Therapeutics, Inc.",,-20511000.0,2026-06-26T06:44:19+00:00
AKTS,,Healthcare,,1.23,0.0,2.287,8277000.0,-1.21,,,,-7.0362597,0.0,-76750000.0,538483968.0,11577000.0,-526906968.0,53404618.0,,-16.079327,3.4021406,1721892480.0,1194985472.0,yfinance_research_grade; sec_filing_document,2026-05-11,2035832,10-Q,2026-05-11,0001193125-26-216749,Shares outstanding staged from explicit SEC filing document fact dei:EntityCommonStockSharesOutstanding.,"Aktis Oncology, Inc.",,-67071000.0,2026-06-26T06:47:29+00:00
ALAB,,Technology,270.7483,0.934,0.26724002,2.801,1001443968.0,1.47,240004880.0,240004880.0,0.2396588203325221,0.20052,0.75988996,233384992.0,1184473984.0,41850000.0,-1142623984.0,171407939.0,270.7483,93.69997,45.631737,68220358656.0,67077734400.0,yfinance_research_grade; sec_filing_document,2026-02-17,1736297,10-Q,2026-05-06,0001736297-26-000020,Shares outstanding staged from explicit SEC filing document fact dei:EntityCommonStockSharesOutstanding.,"Astera Labs, Inc.",,267624992.0,2026-06-26T06:51:21+00:00
ALB,,Basic Materials,,0.327,-0.042379998,19.845,5494582784.0,-3.41,716711744.0,716711744.0,0.1304397025534013,0.24786,0.18531,1067513984.0,1089809024.0,2005991040.0,916182016.0,117934651.0,,11.2979555,2.183538,16634682368.0,20043911168.0,yfinance_research_grade; sec_filing_document,2025-12-31,915913,10-Q,2026-05-06,0000915913-26-000072,Shares outstanding staged from explicit SEC filing document fact dei:EntityCommonStockSharesOutstanding.,ALBEMARLE CORP,,-399635008.0,2026-06-26T06:54:59+00:00
ALBT,,Real Estate,,,0.0,12.096,0.0,-4.6,-1586851.0,-1586851.0,,0.0,0.0,-7869612.0,775995.0,1418172.0,642177.0,12047651.0,,,-0.16538037,3614295.0,31077752.0,yfinance_research_grade; sec_filing_document,2026-02-18,1630212,10-Q,2026-05-11,0001213900-26-054548,Shares outstanding staged from explicit SEC filing document fact dei:EntityCommonStockSharesOutstanding.,Avalon GloboCare Corp.,,-19628872.0,2026-06-26T06:58:55+00:00
ALCO,,Consumer Defensive,,-0.703,-1.15001,79.77,16419000.0,-2.47,62064376.0,62064376.0,3.78003386320726,-1.46461,5.58786,73840000.0,52879000.0,85458000.0,32579000.0,7416327.0,,-22.438889,2.9398062,299545440.0,336873440.0,yfinance_research_grade; sec_filing_document,2026-03-31,3545,10-Q,2026-05-11,0000003545-26-000026,Shares outstanding staged from explicit SEC filing document fact dei:EntityCommonStockSharesOutstanding.,"ALICO, INC.",,-18882000.0,2026-06-26T07:03:08+00:00
ALDF,,Financial Services,50.761906,,0.0,,,0.21,,,,0.0,0.0,,364632.0,0.0,-364632.0,23707500.0,50.761906,,761.4285,318395168.0,318030528.0,yfinance_research_grade; sec_filing_document,2025-12-31,2031561,10-Q,2026-05-08,0001104659-26-057989,Shares outstanding staged from explicit SEC filing document fact dei:EntityCommonStockSharesOutstanding.,Aldel Financial II Inc.,,8881037.0,2026-06-26T07:09:32+00:00
ALDX,,Healthcare,,,0.0,36.798,,-0.45,-19602224.0,-19602224.0,,0.0,0.0,-28126984.0,65002304.0,15512769.0,-49489535.0,60321068.0,,-9.999999,2.5751073,108577920.0,59088388.0,yfinance_research_grade; sec_filing_document,2026-05-01,1341235,10-Q,2026-05-07,0001341235-26-000006,Shares outstanding staged from explicit SEC filing document fact dei:EntityCommonStockSharesOutstanding.,"Aldeyra Therapeutics, Inc.",,-27369780.0,2026-06-26T07:12:36+00:00
ALEC,,Healthcare,,-0.715,0.0,332.768,18417000.0,-1.19,-119106128.0,-119106128.0,-6.467184014768963,-23.82314,0.0,-127494000.0,206515008.0,34548000.0,-171967008.0,111025187.0,,-2.6428573,19.680853,205396592.0,33429596.0,yfinance_research_grade; sec_filing_document,2026-03-13,1653087,10-Q,2026-05-07,0001193125-26-211981,Shares outstanding staged from explicit SEC filing document fact dei:EntityCommonStockSharesOutstanding.,"Alector, Inc.",,-125388000.0,2026-06-26T07:15:41+00:00
ALF,,Financial Services,34.0,,0.0,,,0.32,-232494.0,-232494.0,,0.0,0.0,,28828.0,0.0,-28828.0,28750000.0,34.0,,-5.6725755,391000000.0,78171168.0,yfinance_research_grade; sec_filing_document,2025-06-09,2010930,10-Q,2026-05-11,0001213900-26-054483,Shares outstanding staged from explicit SEC filing document fact dei:EntityCommonStockSharesOutstanding.,Centurion Acquisition Corp.,,11362152.0,2026-06-26T07:19:47+00:00
ALGM,,Technology,,0.261,-0.01674,31.984,890096000.0,-0.08,149962128.0,149962128.0,0.168478600061117,0.10428,0.46493,106029000.0,168752992.0,305912000.0,137159008.0,186222406.0,,40.844868,11.679285,11208352768.0,11341997056.0,yfinance_research_grade; sec_filing_document,2026-05-16,866291,10-K,2026-05-21,0001193125-26-233537,Shares outstanding staged from explicit SEC filing document fact dei:EntityCommonStockSharesOutstanding.,"ALLEGRO MICROSYSTEMS, INC.",,-14897000.0,2026-06-26T07:23:11+00:00
ALGN,,Healthcare,29.481544,0.062,0.10496,2.797,4095789056.0,5.96,538981504.0,538981504.0,0.1315940583440047,0.16594,0.70147,890456000.0,1059833984.0,116044000.0,-943789984.0,71618127.0,29.481544,14.20129,3.0326724,12584022016.0,11640230912.0,yfinance_research_grade; sec_filing_document,2026-04-14,1097149,10-Q,2026-05-06,0001097149-26-000040,Shares outstanding staged from explicit SEC filing document fact dei:EntityCommonStockSharesOutstanding.,ALIGN TECHNOLOGY INC,,429892000.0,2026-06-26T07:27:27+00:00
ALGS,,Healthcare,,8.1,0.0,13.693,4705000.0,-9.78,-48985376.0,-48985376.0,-10.411344527098832,-9.51555,0.0,-94589000.0,54909000.0,4353000.0,-50556000.0,6188223.0,,-1.3747697,1.0706638,34035228.0,-16520774.0,yfinance_research_grade; sec_filing_document,2026-06-25,1799448,10-Q,2026-05-07,0001193125-26-212001,Shares outstanding staged from explicit SEC filing document fact dei:EntityCommonStockSharesOutstanding.,"Aligos Therapeutics, Inc.",,-90321000.0,2026-06-26T07:32:12+00:00
ALGT,,Industrials,,0.048,-0.012999999,169.13,2639937024.0,-1.91,-27643624.0,-27643624.0,-0.0104713194855363,0.14866,0.23235,342846016.0,902163008.0,1853789952.0,951626944.0,18437290.0,,10.277219,1.8349619,2957869056.0,2961805568.0,yfinance_research_grade; sec_filing_document,2026-04-08,1362468,10-Q,2026-05-06,0001362468-26-000022,Shares outstanding staged from explicit SEC filing document fact dei:EntityCommonStockSharesOutstanding.,Allegiant Travel CO,,-34064000.0,2026-06-26T07:37:21+00:00
ALHC,,Healthcare,227.09999,0.333,0.00465,159.492,4256984064.0,0.1,234584992.0,234584992.0,0.0551059126539403,0.01293,0.1238,67204000.0,726291008.0,329966016.0,-396324992.0,206733823.0,227.09999,31.432524,22.687311,4694924800.0,4298599936.0,yfinance_research_grade; sec_filing_document,2026-04-01,1832466,10-Q,2026-04-30,0001628280-26-028901,Shares outstanding staged from explicit SEC filing document fact dei:EntityCommonStockSharesOutstanding.,"Alignment Healthcare, Inc.",,19806000.0,2026-06-26T07:42:09+00:00
ALIS,,Financial Services,506.0,,0.0,,,0.02,-661.0,-661.0,,0.0,0.0,,259885.0,0.0,-259885.0,8427500.0,506.0,,10119.999,85286296.0,85026416.0,yfinance_research_grade; sec_filing_document,2026-04-30,2026767,10-Q,2026-05-15,0001493152-26-023852,Shares outstanding staged from explicit SEC filing document fact dei:EntityCommonStockSharesOutstanding.,Calisa Acquisition Corp,,245454.0,2026-06-26T07:44:30+00:00
ALKS,,Healthcare,58.700005,0.282,0.09774999,90.302,1562300032.0,0.9,140551632.0,140551632.0,0.0899645581009627,-0.0019200001,0.87447,278583008.0,511862016.0,1581660032.0,1069798016.0,166675807.0,58.700005,33.94197,5.020909,8805483520.0,9875280896.0,yfinance_research_grade; sec_filing_document,2026-04-11,1520262,10-Q,2026-05-05,0001193125-26-206534,Shares outstanding staged from explicit SEC filing document fact dei:EntityCommonStockSharesOutstanding.,Alkermes plc.,,152720000.0,2026-06-26T07:46:38+00:00
ALKT,,Technology,,0.289,-0.10552,96.643,471942016.0,-0.47,65511248.0,65511248.0,0.1388120696589981,-0.042140003,0.57784003,-30464000.0,77646000.0,358211008.0,280565008.0,107019174.0,,14.041308,4.5740685,1695183744.0,1975748736.0,yfinance_research_grade; sec_filing_document,2025-12-31,1529274,10-Q,2026-04-30,0001529274-26-000032,Shares outstanding staged from explicit SEC filing document fact dei:EntityCommonStockSharesOutstanding.,"ALKAMI TECHNOLOGY, INC.",,-49799000.0,2026-06-26T07:49:17+00:00
ALL,,Financial Services,5.122761,0.03,0.17813,23.719,68174000128.0,45.21,12428999680.0,12428999680.0,0.1823129001769582,0.18954,0.34428,14840000512.0,5401999872.0,7491999744.0,2089999872.0,257420930.0,5.122761,8.812789,2.0182655,59618689024.0,63689687040.0,yfinance_research_grade; sec_filing_document,2026-03-19,899051,10-Q,2026-04-29,0000899051-26-000075,Shares outstanding staged from explicit SEC filing document fact dei:EntityCommonStockSharesOutstanding.,ALLSTATE CORP,,12026999808.0,2026-06-26T07:51:28+00:00
ALLE,,Industrials,18.715847,0.097,0.15237,105.863,4159000064.0,7.32,494362496.0,494362496.0,0.118865710120845,0.18876,0.4497,1010600000.0,308900000.0,2224399872.0,1915499872.0,85935861.0,18.715847,14.335988,5.6030426,11773213696.0,13688713216.0,yfinance_research_grade; sec_filing_document,2026-03-11,1579241,10-Q,2026-04-28,0001579241-26-000015,Shares outstanding staged from explicit SEC filing document fact dei:EntityCommonStockSharesOutstanding.,Allegion plc,,633699968.0,2026-06-26T07:53:31+00:00
ALLO,,Healthcare,,,0.0,29.064,,-0.77,-69944872.0,-69944872.0,,0.0,0.0,-175704992.0,266886000.0,81051000.0,-185835000.0,345154561.0,,-3.0109034,1.8086039,711018368.0,525183392.0,yfinance_research_grade; sec_filing_document,2026-04-13,1737287,10-Q,2026-05-13,0001628280-26-034585,Shares outstanding staged from explicit SEC filing document fact dei:EntityCommonStockSharesOutstanding.,"Allogene Therapeutics, Inc.",,-173760000.0,2026-06-26T07:56:17+00:00
ALLR,,Healthcare,,,0.0,310.636,345000.0,-0.7,-20963750.0,-20963750.0,-60.76449275362319,-107.52,1.0,,19812000.0,21496000.0,1684000.0,15910724.0,,-1.3092782,2.9061785,20206620.0,21890620.0,yfinance_research_grade; sec_filing_document,2026-03-31,1860657,10-Q,2026-05-15,0001437749-26-017371,Shares outstanding staged from explicit SEC filing document fact dei:EntityCommonStockSharesOutstanding.,"Allarity Therapeutics, Inc.",,-11249000.0,2026-06-26T07:58:37+00:00
ALLT,,Technology,56.92308,0.141,0.056810003,5.091,105268000.0,0.13,16480000.0,16480000.0,0.1565527985712657,0.05782,0.71480006,9175000.0,94215000.0,5872000.0,-88343000.0,48645282.0,56.92308,20.651354,3.1289642,362030944.0,272607392.0,yfinance_research_grade; sec_filing_document,2026-03-18,1365767,20-F/A,2026-03-31,0001178913-26-001946,Shares outstanding staged from explicit SEC filing document fact dei:EntityCommonStockSharesOutstanding.,Allot Ltd.,,5980000.0,2026-06-26T08:01:43+00:00
ALM,,Basic Materials,,2.212,-2.65078,46.33,50006000.0,-0.47,-59577876.0,-59577876.0,-1.1914145502539697,0.08831,0.31278,-22844000.0,259852992.0,165332000.0,-94520992.0,262776228.0,,11.244238,17.955465,4667553792.0,4573032448.0,yfinance_research_grade; sec_filing_document,2026-01-02,1670061,40-F,2026-03-19,0001493152-26-011503,Shares outstanding staged from explicit SEC filing document fact dei:EntityCommonStockSharesOutstanding.,Almonty Industries Inc.,,-132555000.0,2026-06-26T08:04:05+00:00
ALMR,,Healthcare,,0.989,-0.49894002,185.418,87155000.0,-0.65,,,,-0.47425,0.57109,-32085000.0,64586000.0,105549000.0,40963000.0,69311186.0,,-38.182804,-10.459323,1862391552.0,2138350592.0,yfinance_research_grade; sec_filing_document,2026-03-31,2104204,10-Q,2026-05-08,0001193125-26-213424,Shares outstanding staged from explicit SEC filing document fact dei:EntityCommonStockSharesOutstanding.,"Alamar Biosciences, Inc.",,-43485000.0,2026-06-26T08:08:35+00:00
ALMS,,Healthcare,,-0.9,0.0,6.29,8402000.0,-1.78,-206754624.0,-206754624.0,-24.607786717448228,-56.52441,1.0,-435260992.0,522943008.0,35664000.0,-487279008.0,123432072.0,,-8.473257,5.6158857,3191124480.0,2703845376.0,yfinance_research_grade; sec_filing_document,2026-05-14,1847367,10-Q,2026-05-14,0001847367-26-000010,Shares outstanding staged from explicit SEC filing document fact dei:EntityCommonStockSharesOutstanding.,ALUMIS INC.,,-237415008.0,2026-06-26T08:12:27+00:00
ALMU,,Technology,,-0.026,-1.1555,2.717,5196000.0,-0.35,-443403.0,-443403.0,-0.0853354503464203,-1.73895,0.37741002,-6349000.0,37780000.0,1089000.0,-36691000.0,18305335.0,,-82.701584,9.218255,373428832.0,336737824.0,yfinance_research_grade; sec_filing_document,2025-12-19,1828805,10-Q,2026-05-13,0001213900-26-055956,Shares outstanding staged from explicit SEC filing document fact dei:EntityCommonStockSharesOutstanding.,"Aeluma, Inc.",,-6004000.0,2026-06-26T08:15:58+00:00
ALNT,,Technology,71.51049,0.046,0.042519998,64.744,560590016.0,1.43,42912124.0,42912124.0,0.0765481417350108,0.0733,0.32882,73266000.0,41723000.0,198068000.0,156345000.0,16996512.0,71.51049,33.02449,5.6940813,1738063360.0,1894408320.0,yfinance_research_grade; sec_filing_document,2026-04-01,46129,10-Q,2026-05-06,0001104659-26-056256,Shares outstanding staged from explicit SEC filing document fact dei:EntityCommonStockSharesOutstanding.,ALLIENT INC,,23834000.0,2026-06-26T08:19:42+00:00
ALNY,,Healthcare,73.4762,0.964,0.12550001,276.203,4286923008.0,3.99,204714128.0,204714128.0,0.0477531617941294,0.23016001,0.80827004,806942976.0,3009222912.0,2970230016.0,-38992896.0,133512573.0,73.4762,21.297771,36.377964,39141883904.0,39102889984.0,yfinance_research_grade; sec_filing_document,2025-12-31,1178670,10-Q,2026-04-30,0001628280-26-028605,Shares outstanding staged from explicit SEC filing document fact dei:EntityCommonStockSharesOutstanding.,"ALNYLAM PHARMACEUTICALS, INC.",,537988992.0,2026-06-26T08:23:26+00:00
ALOT,,Technology,,0.044,-0.00885,49.371,152171008.0,-0.18,13098625.0,13098625.0,0.0860783218311861,0.04883,0.33796,10682000.0,4675000.0,38273000.0,33598000.0,7747772.0,,81.314285,2.8355086,221171936.0,254099584.0,yfinance_research_grade; sec_filing_document,2026-05-15,8146,10-Q,2026-06-08,0001193125-26-261335,Shares outstanding staged from explicit SEC filing document fact dei:EntityCommonStockSharesOutstanding.,"AstroNova, Inc.",,-1347000.0,2026-06-26T08:27:12+00:00
ALP,,Financial Services,,,0.0,,,-8.01,1817625.0,1817625.0,,0.0,0.0,-9086500.0,3256000.0,0.0,-3256000.0,2278622.0,,-8.37,0.1502693,5909485.0,-1678860.0,yfinance_research_grade; sec_filing_document,2023-08-14,1095435,20-F,2025-07-25,0001171843-25-004718,Shares outstanding staged from explicit SEC filing document fact dei:EntityCommonStockSharesOutstanding.,Alpha Compute Corp,,-14893000.0,2026-06-26T08:32:56+00:00
ALPS,,,,,,,,,,,,,,,,,,166400326.0,,,14.444444,108160208.0,,yfinance_research_grade,,,,,,,,,,2026-06-26T08:37:01+00:00
